"direction","n_test","HR_perSD","CI_low","CI_high","p","Cindex","AUC_1y","AUC_3y","AUC_5y","KM_logrank_p"
"TARGET->GSE21257",53,1.61457049703088,1.02647778194332,2.53959504602946,0.0381676958920133,0.658595641646489,0.811224489795918,0.784850524510391,0.717644194182922,0.0819036893172136
"GSE21257->TARGET",86,1.63847127741053,1.1039775894117,2.43174150693574,0.0142463644080779,0.610405323653962,0.838157411777044,0.60795144627526,0.579797331494324,0.150851890885877
